feature,importance_mean,importance_std
Tuition fees up to date,0.043194469662073895,0.004514448845087651
Course,0.018182817373080574,0.005650226257441119
Scholarship holder,0.015624263476781631,0.005199673223821709
Mother's occupation,0.008955711109610631,0.00557884482159414
Admission grade,0.00856186966551702,0.007451682335392554
Inflation rate,0.005227185875333285,0.003061173787860426
Debtor,0.004954185723046245,0.005462877965596744
GDP,0.0038809177060424417,0.005217327055162021
Daytime/evening attendance,0.0030632190118349612,0.0016553740448056083
Previous qualification (grade),0.0028984941701417745,0.0032974430258715373
Mother's qualification,0.0017455835033995172,0.0037327359367298053
Marital status,0.0008468673460850562,0.0023846549989410925
Displaced,0.000681386294321007,0.004857260596890857
International,0.0005740930247283282,0.0009274387469760609
Nacionality,0.00035276353020133875,0.0008074870965474343
Educational special needs,-0.00010516859265058409,0.0003155057779517523
Age at enrollment,-0.0002242281472516372,0.007441657395423497
Father's occupation,-0.0005921048415288621,0.005517323791845804
Unemployment rate,-0.0009967277622857985,0.004823830466015653
Gender,-0.001868995812165064,0.00413205678625537
Application mode,-0.0019788692916784534,0.006302870151627497
Father's qualification,-0.0033174004921987634,0.00489736807138327
Previous qualification,-0.0038491449768887744,0.0035081937769165716
Application order,-0.0039536787875689705,0.004441625599156921
